<?xml version="1.0"?>
<plugins>
  <plugin name="PrettifyHTML">
    <event value="FILE_PACK_UNPACK" />
    <description value="HTML Prettier with tidy-html5. &#xD;&#xA;Arguments: Command line options passed to the tidy command." />
    <file-filters value="\.html$;\.htm$" />
    <is-automatic value="false" />
    <unpacked-file-extension value=".html" />
    <extended-properties value="ProcessType=Prettification;MenuCaption=Prettify HTML;GenerateEditorScript" />
    <arguments value="-indent --indent-attributes yes --tab-size 4 --indent-spaces 4 -wrap 0 --sort-attributes alpha " />
    <unpack-file>
      <command>cmd /c type "${SRC_FILE}" | "${WINMERGE_HOME}\Commands\tidy-html5\tidy.exe" ${*} --force-output yes -o "${DST_FILE}" | exit 0</command>
    </unpack-file>
  </plugin>
  <plugin name="PrettifyXML">
    <event value="FILE_PACK_UNPACK" />
    <description value="XML Prettier with tidy-html5. &#xD;&#xA;Arguments: Command line options passed to the tidy command." />
    <file-filters value="\.xml$" />
    <is-automatic value="false" />
    <unpacked-file-extension value=".xml" />
    <extended-properties value="ProcessType=Prettification;MenuCaption=Prettify XML;GenerateEditorScript" />
    <arguments value="-xml -indent --indent-attributes yes --tab-size 4 --indent-spaces 4 -wrap 0 --sort-attributes alpha" />
    <unpack-file>
      <command>cmd /c type "${SRC_FILE}" | "${WINMERGE_HOME}\Commands\tidy-html5\tidy.exe" ${*} --force-output yes -o "${DST_FILE}" | exit 0</command>
    </unpack-file>
  </plugin>
  <plugin name="PrettifyJSON">
    <event value="FILE_PACK_UNPACK" />
    <description value="JSON Prettier with jq command. &#xD;&#xA;Arguments: Filter or command line options passed to the jq command." />
    <file-filters value="\.json$" />
    <is-automatic value="false" />
    <unpacked-file-extension value=".json" />
    <extended-properties value="ProcessType=Prettification;MenuCaption=Prettify JSON;GenerateEditorScript" />
    <arguments value="&quot;.&quot;" />
    <unpack-file>
    <command>cmd /c type "${SRC_FILE}" | "${WINMERGE_HOME}\Commands\jq\jq.exe" ${*} &gt; "${DST_FILE}"</command>
    </unpack-file>
  </plugin>
  <plugin name="PrettifyYAML">
    <event value="FILE_PACK_UNPACK" />
    <description value="YAML Prettier with yq command. &#xD;&#xA;Arguments: Filter or command line options passed to the yq command." />
    <file-filters value="\.yaml$;\.yml$" />
    <is-automatic value="false" />
    <unpacked-file-extension value=".yaml" />
    <extended-properties value="ProcessType=Prettification;MenuCaption=Prettify YAML;GenerateEditorScript" />
    <arguments value="-P e" />
    <unpack-file>
    <command>cmd /c type "${SRC_FILE}" | "${WINMERGE_HOME}\Commands\yq\yq.bat" ${*} &gt; "${DST_FILE}"</command>
    </unpack-file>
  </plugin>
  <plugin name="QueryCSV">
    <event value="FILE_PACK_UNPACK" />
    <description value="CSV Querier with q command. &#xD;&#xA;Arguments: SQL statement or command line options passed to the q command." />
    <file-filters value="\.csv$" />
    <is-automatic value="false" />
    <unpacked-file-extension value=".csv" />
    <extended-properties value="ProcessType=Data Query;MenuCaption=Query CSV Data...;ArgumentsRequired" />
    <arguments value="&quot;SELECT * FROM -&quot;" />
    <unpack-file>
      <command>cmd /c type "${SRC_FILE}" | "${WINMERGE_HOME}\Commands\q\q.bat" -d , ${*} &gt; "${DST_FILE}"</command>
    </unpack-file>
  </plugin>
  <plugin name="QueryTSV">
    <event value="FILE_PACK_UNPACK" />
    <description value="TSV Querier with q command. &#xD;&#xA;Arguments: SQL statement or command line options passed to the q command." />
    <file-filters value="\.tsv$" />
    <is-automatic value="false" />
    <unpacked-file-extension value=".tsv" />
    <extended-properties value="ProcessType=Data Query;MenuCaption=Query TSV Data...;ArgumentsRequired" />
    <arguments value="&quot;SELECT * FROM -&quot;" />
    <unpack-file>
      <command>cmd /c type "${SRC_FILE}" | "${WINMERGE_HOME}\Commands\q\q.bat" -t ${*} &gt; "${DST_FILE}"</command>
    </unpack-file>
  </plugin>
  <plugin name="QueryJSON">
    <event value="FILE_PACK_UNPACK" />
    <description value="JSON Querier with jq command. &#xD;&#xA;Arguments: Filter or command line options passed to the jq command." />
    <file-filters value="\.json$" />
    <is-automatic value="false" />
    <unpacked-file-extension value=".json" />
    <extended-properties value="ProcessType=Data Query;MenuCaption=Query JSON Data...;ArgumentsRequired" />
    <arguments value="&quot;.&quot;" />
    <unpack-file>
      <command>cmd /c type "${SRC_FILE}" | "${WINMERGE_HOME}\Commands\jq\jq.exe" ${*} &gt; "${DST_FILE}"</command>
    </unpack-file>
  </plugin>
  <plugin name="QueryYAML">
    <event value="FILE_PACK_UNPACK" />
    <description value="YAML Querier with yq command. &#xD;&#xA;Arguments: Filter or command line options passed to the yq command." />
    <file-filters value="\.yaml$;\.yml$" />
    <is-automatic value="false" />
    <unpacked-file-extension value=".yaml" />
    <extended-properties value="ProcessType=Data Query;MenuCaption=Query YAML Data...;ArgumentsRequired" />
    <arguments value="e &quot;.&quot; -" />
    <unpack-file>
      <command>cmd /c type "${SRC_FILE}" | "${WINMERGE_HOME}\Commands\yq\yq.bat" ${*} &gt; "${DST_FILE}"</command>
    </unpack-file>
  </plugin>
  <plugin name="ValidateHTML">
    <event value="FILE_PACK_UNPACK" />
    <description value="HTML Validator with tidy-html5. &#xD;&#xA;Arguments: Command line options passed to the tidy command." />
    <file-filters value="\.html$;\.htm$" />
    <is-automatic value="false" />
    <unpacked-file-extension value=".html" />
    <extended-properties value="ProcessType=Validation;MenuCaption=Validate HTML" />
    <arguments value="-e" />
    <unpack-file>
      <command>cmd /c type "${SRC_FILE}" | "${WINMERGE_HOME}\Commands\tidy-html5\tidy.exe" ${*} 2> "${DST_FILE}" | exit 0</command>
    </unpack-file>
  </plugin>
  <plugin name="VisualizeGraphviz">
    <event value="FILE_PACK_UNPACK" />
    <description value="Graphviz Visualizer. &#xD;&#xA;Arguments: Command line options passed to the dot command." />
    <file-filters value="\.gv;$\.dot$" />
    <is-automatic value="false" />
    <unpacked-file-extension value=".png" />
    <extended-properties value="ProcessType=Visualization;MenuCaption=Visualize Graphviz" />
    <arguments value="-Tpng" />
    <unpack-file>
      <command>dot.exe ${*} -o"${DST_FILE}" "${SRC_FILE}"</command>
    </unpack-file>
  </plugin>
  <plugin name="ApacheTika">
    <event value="FILE_PACK_UNPACK" />
    <description value="General content extractor with Apache Tika. &#xD;&#xA;Arguments: Command line options passed to the tika-app.jar." />
    <file-filters value="\.*$" />
    <is-automatic value="false" />
    <unpacked-file-extension value=".txt" />
    <extended-properties value="ProcessType=Content Extraction;MenuCaption=Apache Tika;GenerateEditorScript" />
    <arguments value="-eUTF-8 -t" />
    <unpack-file>
      <command>"${WINMERGE_HOME}\Commands\apache-tika\tika.bat" "${SRC_FILE}" "${DST_FILE}" ${*}</command>
    </unpack-file>
  </plugin>
  <plugin name="DisassembleJVM">
    <event value="FILE_PACK_UNPACK" />
    <description value="JVM bytecode disassembler with javap. &#xD;&#xA;Arguments: Command line options passed to the javap command." />
    <file-filters value="\.class$" />
    <is-automatic value="false" />
    <unpacked-file-extension value=".txt" />
    <extended-properties value="ProcessType=Decompilation;MenuCaption=Disassemble JVM Bytecode" />
    <arguments value="-c" />
    <unpack-file>
      <command>cmd /c javap ${*} "${SRC_FILE}" > "${DST_FILE}"</command>
    </unpack-file>
  </plugin>
  <plugin name="DisassembleIL">
    <event value="FILE_PACK_UNPACK" />
    <description value="IL disassembler with ildasm. &#xD;&#xA;Arguments: Command line options passed to the ildasm command." />
    <file-filters value="\.obj$;\.lib$;\.winmd$;\.exe$;\.dll$" />
    <is-automatic value="false" />
    <unpacked-file-extension value=".asm" />
    <extended-properties value="ProcessType=Decompilation;MenuCaption=Disassemble IL Code" />
    <arguments value="/text" />
    <unpack-file>
      <command>"${WINMERGE_HOME}\Commands\ildasm\ildasm.bat" ${*} "${SRC_FILE}" > "${DST_FILE}"</command>
    </unpack-file>
  </plugin>
  <plugin name="DisassembleNative">
    <event value="FILE_PACK_UNPACK" />
    <description value="Native code disassembler with dumpbin. &#xD;&#xA;Arguments: Command line options passed to the dumpbin command." />
    <file-filters value="\.obj$;\.lib$;\.exe$;\.dll$" />
    <is-automatic value="false" />
    <unpacked-file-extension value=".asm" />
    <extended-properties value="ProcessType=Decompilation;MenuCaption=Disassemble Native Code" />
    <arguments value="/disasm:nobytes" />
    <unpack-file>
      <command>"${WINMERGE_HOME}\Commands\dumpbin\dumpbin.bat" ${*} "${SRC_FILE}" > "${DST_FILE}"</command>
    </unpack-file>
  </plugin>
  <!--
  <plugin name="VBScript-test">
    <event value="FILE_PACK_UNPACK" />
    <description value="VBScript test" />
    <file-filters value="\.nomatch$" />
    <is-automatic value="false" />
    <unpacked-file-extension value=".txt" />
    <unpack-file>
      <command>cmd /c cscript //nologo "${SCRIPT_FILE}" "${SRC_FILE}" > "${DST_FILE}"</command>
      <script fileExtension=".vbs">
WScript.StdOut.WriteLine "Hello World!"
WScript.StdOut.WriteLine WScript.Arguments(0)
      </script>
    </unpack-file>
  </plugin>
  -->
</plugins>
